country,region,market_size_musd,cagr,competition_index,fixed_cost_musd,min_spend_musd,max_spend_musd,risk_weight,source_note
United Kingdom,Europe,811.657,0.254197538609248,0.5,4.058285,16.23314,80.0,0.58651804314696,"IEA via Statista 1312911, 2024, divided by 40.6"
Norway,Europe,324.3,0.198546637333201,0.5,1.6215,6.486,38.916,0.654657942200411,"IEA via Statista 1312911, 2024, divided by 40.6"
Spain,Europe,113.94,0.409575564718173,0.5,0.5697,2.2788,13.6728,0.68406946017365,"not in statistic 1312911; median of that file, 20.5/40.6"
Finland,Europe,93.258,0.352294476664658,0.5,0.5,2.0,11.19096,0.686961117402794,"not in statistic 1312911; median of that file, 20.5/40.6"
Germany,Europe,2860.92,0.337193047356412,0.5,10.0,40.0,80.0,0.3,"IEA via Statista 1312911, 2024, divided by 40.6"
Estonia,Europe,7.70796,0.589464067941792,0.5,0.5,2.0,2.0,0.698922310305776,"not in statistic 1312911; median of that file, 20.5/40.6"
Latvia,Europe,6.9336,0.59453405182357,0.5,0.5,2.0,2.0,0.699030577576444,"not in statistic 1312911; median of that file, 20.5/40.6"
Iceland,Europe,21.438,0.252969571779648,0.5,0.5,2.0,2.57256,0.697002642506606,"not in statistic 1312911; median of that file, 20.5/40.6"
Denmark,Europe,254.988,0.310637984773728,0.5,1.27494,5.09976,30.59856,0.664348810872027,"not in statistic 1312911; median of that file, 20.5/40.6"
